{
    "configurations": [
        {
            "name": "Win32",
            "includePath": [
                "${workspaceFolder}/**"
            ],
            "defines": [
                "_DEBUG",
                "UNICODE",
                "_UNICODE"
            ],
            "compilerPath": "C:\\Program Files (x86)\\mingw-w64\\i686-8.1.0-posix-dwarf-rt_v6-rev0\\mingw32\\bin\\gcc.exe",
            "cStandard": "c11",
            "cppStandard": "gnu++14",
            "intelliSenseMode": "clang-x86"
        }
    ],
    "version": 4
}